sample_id,name,status,pre_images,post_images,estimated_pixels,error
sample_001,2-18,SKIPPED,,,80.3355293733429,
sample_002,3-18,SKIPPED,,,30.25049105757141,
sample_003,8-18,SKIPPED,,,533.7771409105659,
sample_004,10-18,SKIPPED,,,391.61648304817385,
sample_005,11-18,SKIPPED,,,41.145397047297116,
sample_006,14-18,SUCCESS,4.0,5.0,28.78616573220472,
sample_007,15-18,SUCCESS,4.0,5.0,224.8032179983584,
sample_008,16-18,SUCCESS,4.0,5.0,60.713792722045284,
sample_009,17-18,SUCCESS,4.0,5.0,108.84527513300368,
sample_010,18-18,SUCCESS,4.0,5.0,568.3712584969169,
sample_011,19-18,SUCCESS,4.0,5.0,230.65058053229362,
sample_012,20-18,SUCCESS,4.0,5.0,63.60141866087187,
sample_013,22-18,SUCCESS,4.0,5.0,547.5643541715699,
sample_014,23-18,SUCCESS,4.0,5.0,1764.0687666533815,
sample_015,24.1-12,SUCCESS,4.0,5.0,1014.3980245150431,
sample_016,26-18,SUCCESS,4.0,5.0,75.53491332214207,
sample_017,27-18,SUCCESS,4.0,5.0,28.625996745728006,
sample_018,28-18,SUCCESS,4.0,5.0,110.49655383341005,
sample_019,29-18,SUCCESS,4.0,5.0,51.28720413179669,
sample_020,31-18,SUCCESS,4.0,5.0,33.11093029966481,
sample_021,33-18,SUCCESS,4.0,5.0,92.83737903575928,
sample_022,34-18,SUCCESS,4.0,5.0,152.78085412029486,
sample_023,35-18,SUCCESS,4.0,5.0,35.63020934747862,
sample_024,37-18,SUCCESS,4.0,5.0,187.1622980355786,
sample_025,38-18,SUCCESS,4.0,5.0,35.98198722173129,
sample_026,nan,SUCCESS,4.0,5.0,289.3469884262464,
sample_027,nan,SUCCESS,4.0,5.0,92.1498005141353,
sample_028,nan,SUCCESS,4.0,5.0,86.53309171727416,
sample_029,nan,SUCCESS,4.0,5.0,69.15134248026206,
sample_030,nan,SUCCESS,4.0,5.0,169.4426015118372,
sample_031,nan,SUCCESS,4.0,5.0,826.2029723862097,
sample_032,nan,SUCCESS,4.0,5.0,29.155252122414183,
sample_033,nan,FAILED,,,68.41655813122466,Total request size (62004096 bytes) must be less than or equal to 50331648 bytes.
sample_034,nan,SUCCESS,4.0,5.0,912.9299908109631,
sample_035,nan,SUCCESS,4.0,5.0,467.9760305934088,
sample_036,nan,SUCCESS,4.0,5.0,66.68217446526569,
sample_037,nan,SUCCESS,4.0,5.0,107.62370314920588,
sample_038,nan,SUCCESS,4.0,5.0,57.376235594478395,
sample_039,nan,SUCCESS,4.0,5.0,72.1523157465383,
sample_040,nan,SUCCESS,4.0,5.0,610.7372275685386,
sample_041,nan,SUCCESS,4.0,5.0,31.262607190883262,
sample_042,nan,SUCCESS,4.0,5.0,79.94570182648604,
sample_043,nan,SUCCESS,4.0,5.0,197.61511733130948,
sample_044,nan,SUCCESS,4.0,5.0,229.63265477953559,
sample_045,nan,SUCCESS,4.0,5.0,68.58885438340413,
sample_046,nan,SUCCESS,4.0,5.0,297.4642094291364,
sample_047,nan,SUCCESS,4.0,5.0,358.9315135794139,
sample_048,nan,SUCCESS,7.0,10.0,103.82543849612793,
sample_049,nan,SUCCESS,4.0,5.0,182.54073390479178,
sample_050,nan,SUCCESS,4.0,5.0,108.8530766325186,
sample_051,nan,SUCCESS,3.0,5.0,199.8934609683961,
sample_052,nan,SUCCESS,3.0,5.0,43.948983933400456,
sample_053,nan,SUCCESS,4.0,5.0,338.42075830431634,
sample_054,nan,SUCCESS,4.0,5.0,1423.4869454763643,
sample_055,nan,SUCCESS,4.0,5.0,94.51229395604808,
sample_056,nan,SUCCESS,4.0,5.0,1426.5418437166993,
sample_057,nan,SUCCESS,4.0,5.0,60.25717773443386,
sample_058,nan,SUCCESS,4.0,5.0,793.5843235280418,
sample_059,nan,SUCCESS,4.0,5.0,119.98409467918943,
sample_060,nan,SUCCESS,4.0,5.0,93.50076446715222,
sample_061,nan,SUCCESS,4.0,5.0,355.14382821616397,
sample_062,nan,SUCCESS,4.0,5.0,287.2829039962095,
sample_063,nan,SUCCESS,4.0,5.0,242.51656313678345,
sample_064,nan,SUCCESS,4.0,5.0,76.82580775544616,
sample_065,nan,SUCCESS,4.0,5.0,1568.891440156415,
sample_066,nan,SUCCESS,4.0,5.0,245.15482916328108,
sample_067,nan,SUCCESS,4.0,5.0,25.53584296966117,
sample_068,nan,SUCCESS,4.0,5.0,873.0073580753746,
sample_069,nan,SUCCESS,4.0,5.0,473.15994020735263,
sample_070,nan,SUCCESS,4.0,5.0,70.81620405050266,
sample_071,nan,SUCCESS,4.0,5.0,384.19135120786035,
sample_072,nan,SUCCESS,4.0,5.0,59.60413131959181,
sample_073,nan,SUCCESS,4.0,5.0,30.38326551299172,
sample_074,nan,SUCCESS,4.0,5.0,5767.734279678707,
sample_075,nan,SUCCESS,4.0,5.0,50.38106924862628,
sample_076,nan,SUCCESS,4.0,5.0,53.373103734769074,
sample_077,nan,SUCCESS,4.0,5.0,62.212320704592074,
sample_078,nan,SUCCESS,4.0,5.0,33.369262795504646,
sample_079,nan,SUCCESS,4.0,5.0,75.3841171436019,
sample_080,nan,FAILED,,,626.7498620027602,"HTTPSConnectionPool(host='earthengine.googleapis.com', port=443): Read timed out. (read timeout=180)"
sample_081,nan,SUCCESS,4.0,5.0,91.23505816971132,
sample_082,nan,SUCCESS,4.0,5.0,33.282932342603054,
sample_083,nan,SUCCESS,4.0,5.0,594.3609325002334,
sample_084,nan,SUCCESS,4.0,5.0,150.23149196311655,
sample_085,nan,SUCCESS,4.0,5.0,257.69326975948275,
sample_086,nan,SUCCESS,4.0,5.0,26.340815541162964,
sample_087,nan,SUCCESS,4.0,5.0,117.95012387097184,
sample_088,nan,SUCCESS,4.0,5.0,1174.1764962916452,
sample_089,nan,SUCCESS,4.0,5.0,1168.6128319894012,
sample_090,nan,SUCCESS,4.0,5.0,57.21109183855996,
sample_091,nan,SUCCESS,4.0,5.0,53.398847937511704,
sample_092,nan,SUCCESS,4.0,5.0,29.944895944130117,
sample_093,nan,SUCCESS,4.0,5.0,33.050314644685244,
sample_094,nan,SUCCESS,4.0,5.0,1936.2838739954605,
sample_095,nan,SUCCESS,4.0,5.0,494.34250880080276,
sample_096,nan,SUCCESS,4.0,5.0,79.37998359858078,
sample_097,nan,SUCCESS,4.0,5.0,87.33933471130759,
sample_098,nan,SUCCESS,4.0,5.0,72.44478294843277,
sample_099,nan,SUCCESS,4.0,5.0,33.39421919510296,
sample_100,nan,SUCCESS,4.0,5.0,36.239507124632716,
sample_101,nan,SUCCESS,4.0,5.0,36.761155217990954,
sample_102,nan,SUCCESS,4.0,5.0,103.2324812169863,
sample_103,nan,SUCCESS,4.0,5.0,98.65352765101566,
sample_104,nan,SUCCESS,4.0,5.0,218.9151369121771,
sample_105,nan,SUCCESS,4.0,5.0,133.20064050217727,
sample_106,nan,SUCCESS,4.0,5.0,1349.434809892829,
sample_107,nan,SUCCESS,4.0,5.0,172.47497891701443,
sample_108,nan,SUCCESS,4.0,5.0,46.901833020116484,
sample_109,nan,SUCCESS,4.0,5.0,313.84427510746525,
sample_110,nan,SUCCESS,4.0,5.0,87.54002628707012,
sample_111,nan,SUCCESS,4.0,5.0,92.72777528264606,
sample_112,nan,SUCCESS,4.0,5.0,170.6592287164399,
sample_113,nan,SUCCESS,4.0,5.0,50.089112273052834,
sample_114,nan,SUCCESS,4.0,5.0,71.37731645664239,
sample_115,nan,SUCCESS,4.0,5.0,85.89387151160163,
sample_116,nan,SUCCESS,4.0,5.0,83.57118088429284,
sample_117,nan,SUCCESS,4.0,5.0,39.181558691480774,
sample_118,nan,SUCCESS,4.0,5.0,83.60014590463152,
sample_119,nan,SUCCESS,4.0,5.0,174.79561238569022,
sample_120,nan,SUCCESS,4.0,5.0,49.43845911834612,
sample_121,nan,SUCCESS,4.0,5.0,48.106661601320965,
sample_122,nan,SUCCESS,4.0,5.0,191.6929688242219,
sample_123,nan,SUCCESS,4.0,5.0,122.46889566657119,
sample_124,nan,SUCCESS,4.0,5.0,39.71428063641688,
sample_125,nan,SUCCESS,4.0,5.0,102.48125779080057,
sample_126,nan,SUCCESS,4.0,5.0,162.79971195650606,
sample_127,nan,SUCCESS,4.0,5.0,136.46106758833727,
sample_128,nan,SUCCESS,4.0,5.0,98.21616667083866,
sample_129,nan,SUCCESS,4.0,5.0,59.389406465833,
sample_130,nan,SUCCESS,4.0,5.0,134.9157043267781,
sample_131,nan,SUCCESS,4.0,5.0,40.12490612492553,
sample_132,nan,SUCCESS,4.0,5.0,39.59110172245267,
sample_133,nan,SUCCESS,4.0,5.0,36.890943099052684,
sample_134,nan,SUCCESS,4.0,5.0,39.116342073369964,
sample_135,nan,SUCCESS,4.0,5.0,2192.647143612983,
sample_136,nan,SUCCESS,4.0,5.0,446.9370956502897,
sample_137,nan,SUCCESS,4.0,5.0,105.2546737627112,
sample_138,nan,SUCCESS,4.0,5.0,189.0294134042405,
sample_139,nan,SUCCESS,4.0,5.0,365.67240968895055,
sample_140,nan,SUCCESS,4.0,5.0,293.33402426627595,
sample_141,nan,SUCCESS,4.0,5.0,579.0367139033362,
sample_142,nan,SUCCESS,4.0,5.0,147.2863224704556,
sample_143,nan,SUCCESS,4.0,5.0,85.92812289432932,
sample_144,nan,SUCCESS,4.0,5.0,107.70706810750497,
sample_145,nan,SUCCESS,4.0,5.0,88.49761537637782,
sample_146,nan,SUCCESS,4.0,5.0,54.15782231078813,
sample_147,nan,SUCCESS,4.0,5.0,136.98795997379852,
sample_148,nan,SUCCESS,4.0,5.0,293.6008778430003,
sample_149,nan,SUCCESS,4.0,5.0,100.11394709577391,
sample_150,nan,SUCCESS,4.0,5.0,628.7713970506179,
sample_151,nan,SUCCESS,4.0,5.0,30.86014893166893,
sample_152,nan,SUCCESS,4.0,5.0,137.21575954004652,
sample_153,nan,SUCCESS,4.0,5.0,99.69107917468904,
sample_154,nan,SUCCESS,4.0,5.0,47.644894738042325,
sample_155,nan,SUCCESS,4.0,5.0,496.65350721419856,
sample_156,nan,SUCCESS,4.0,5.0,265.59213362678537,
sample_157,nan,SUCCESS,4.0,5.0,35.080868645142615,
sample_158,nan,SUCCESS,4.0,5.0,26.702292965938565,
sample_159,nan,SUCCESS,4.0,5.0,83.92781826659018,
sample_160,nan,SUCCESS,4.0,5.0,3117.320563220909,
sample_161,nan,SUCCESS,4.0,5.0,600.5346238623086,
sample_162,nan,SUCCESS,4.0,5.0,648.5576277227237,
sample_163,nan,SUCCESS,4.0,5.0,151.13006910703123,
sample_164,nan,SUCCESS,4.0,5.0,61.75711624275125,
sample_165,nan,SUCCESS,4.0,5.0,46.326949493004484,
sample_166,nan,SUCCESS,4.0,5.0,908.6148025437059,
sample_167,nan,SUCCESS,4.0,5.0,242.31262758367887,
sample_168,nan,SUCCESS,4.0,5.0,187.52233298224556,
sample_169,nan,SUCCESS,4.0,5.0,84.44785358705863,
sample_170,nan,SUCCESS,4.0,5.0,63.706468319219546,
sample_171,nan,SUCCESS,4.0,5.0,59.26432934330176,
sample_172,nan,SUCCESS,4.0,5.0,37.66873166786887,
sample_173,nan,SUCCESS,4.0,5.0,104.76683028434557,
sample_174,nan,SUCCESS,4.0,5.0,215.16618972795587,
sample_175,nan,SUCCESS,4.0,5.0,95.24158712511863,
sample_176,nan,SUCCESS,4.0,5.0,189.40873744157705,
sample_177,nan,SUCCESS,4.0,5.0,62.15477640228798,
sample_178,nan,SUCCESS,4.0,5.0,86.57657294505262,
