Name,area_m2,estimated_pixels
,576773.4279678707,5767.734279678707
,311732.0563220909,3117.320563220909
,219264.7143612983,2192.647143612983
,193628.38739954605,1936.2838739954605
23-18,176406.87666533815,1764.0687666533815
,156889.1440156415,1568.891440156415
,142654.18437166992,1426.5418437166993
,142348.69454763643,1423.4869454763643
,134943.4809892829,1349.434809892829
,117417.64962916453,1174.1764962916452
,116861.28319894013,1168.6128319894012
24.1-12,101439.8024515043,1014.3980245150431
,91292.9990810963,912.9299908109631
,90861.48025437059,908.6148025437059
,87300.73580753745,873.0073580753746
,82620.29723862097,826.2029723862097
,79358.43235280417,793.5843235280418
,64855.76277227238,648.5576277227237
,62877.139705061796,628.7713970506179
,62674.98620027602,626.7498620027602
,61073.722756853866,610.7372275685386
,60053.462386230865,600.5346238623086
,59436.09325002334,594.3609325002334
,57903.67139033363,579.0367139033362
18-18,56837.12584969169,568.3712584969169
22-18,54756.435417156994,547.5643541715699
8-18,53377.71409105659,533.7771409105659
,49665.350721419854,496.65350721419856
,49434.250880080275,494.34250880080276
,47315.99402073526,473.15994020735263
,46797.60305934088,467.9760305934088
,44693.70956502897,446.9370956502897
10-18,39161.64830481738,391.61648304817385
,38419.135120786035,384.19135120786035
,36567.24096889506,365.67240968895055
,35893.15135794139,358.9315135794139
,35514.3828216164,355.14382821616397
,33842.07583043163,338.42075830431634
,31384.427510746526,313.84427510746525
,29746.42094291364,297.4642094291364
,29360.08778430003,293.6008778430003
,29333.402426627596,293.33402426627595
,28934.698842624643,289.3469884262464
,28728.290399620946,287.2829039962095
,26559.213362678536,265.59213362678537
,25769.326975948272,257.69326975948275
,24515.482916328107,245.15482916328108
,24251.656313678344,242.51656313678345
,24231.262758367888,242.31262758367887
19-18,23065.05805322936,230.65058053229362
,22963.26547795356,229.63265477953559
15-18,22480.32179983584,224.8032179983584
,21891.51369121771,218.9151369121771
,21516.618972795586,215.16618972795587
,19989.34609683961,199.8934609683961
,19761.51173313095,197.61511733130948
,19169.29688242219,191.6929688242219
,18940.873744157703,189.40873744157705
,18902.94134042405,189.0294134042405
,18752.233298224557,187.52233298224556
37-18,18716.22980355786,187.1622980355786
,18254.073390479178,182.54073390479178
,17479.561238569022,174.79561238569022
,17247.49789170144,172.47497891701443
,17065.92287164399,170.6592287164399
,16944.26015118372,169.4426015118372
,16279.971195650607,162.79971195650606
34-18,15278.085412029486,152.78085412029486
,15113.006910703123,151.13006910703123
,15023.149196311655,150.23149196311655
,14728.632247045558,147.2863224704556
,13721.575954004653,137.21575954004652
,13698.795997379852,136.98795997379852
,13646.106758833728,136.46106758833727
,13491.57043267781,134.9157043267781
,13320.064050217727,133.20064050217727
,12246.889566657119,122.46889566657119
,11998.409467918942,119.98409467918943
,11795.012387097184,117.95012387097184
28-18,11049.655383341005,110.49655383341005
,10885.307663251859,108.8530766325186
17-18,10884.527513300369,108.84527513300368
,10770.706810750497,107.70706810750497
,10762.370314920588,107.62370314920588
,10525.46737627112,105.2546737627112
,10476.683028434558,104.76683028434557
,10382.543849612794,103.82543849612793
,10323.24812169863,103.2324812169863
,10248.125779080057,102.48125779080057
,10011.394709577391,100.11394709577391
,9969.107917468904,99.69107917468904
,9865.352765101567,98.65352765101566
,9821.616667083867,98.21616667083866
,9524.158712511862,95.24158712511863
,9451.229395604809,94.51229395604808
,9350.076446715222,93.50076446715222
33-18,9283.737903575928,92.83737903575928
,9272.777528264607,92.72777528264606
,9214.98005141353,92.1498005141353
,9123.505816971132,91.23505816971132
,8849.761537637782,88.49761537637782
,8754.002628707012,87.54002628707012
,8733.933471130758,87.33933471130759
,8657.657294505261,86.57657294505262
,8653.309171727416,86.53309171727416
,8592.812289432932,85.92812289432932
,8589.387151160163,85.89387151160163
,8444.785358705863,84.44785358705863
,8392.781826659018,83.92781826659018
,8360.014590463152,83.60014590463152
,8357.118088429284,83.57118088429284
2-18,8033.55293733429,80.3355293733429
,7994.570182648604,79.94570182648604
,7937.9983598580775,79.37998359858078
,7682.580775544617,76.82580775544616
26-18,7553.491332214207,75.53491332214207
,7538.41171436019,75.3841171436019
,7244.478294843278,72.44478294843277
,7215.231574653831,72.1523157465383
,7137.731645664239,71.37731645664239
,7081.620405050266,70.81620405050266
,6915.1342480262065,69.15134248026206
,6858.885438340412,68.58885438340413
,6841.6558131224665,68.41655813122466
,6668.217446526569,66.68217446526569
,6370.646831921955,63.706468319219546
20-18,6360.141866087187,63.60141866087187
,6221.2320704592075,62.212320704592074
,6215.477640228798,62.15477640228798
,6175.711624275125,61.75711624275125
16-18,6071.379272204528,60.713792722045284
,6025.717773443386,60.25717773443386
,5960.413131959181,59.60413131959181
,5938.9406465833,59.389406465833
,5926.432934330176,59.26432934330176
,5737.623559447839,57.376235594478395
,5721.109183855996,57.21109183855996
,5415.782231078812,54.15782231078813
,5339.88479375117,53.398847937511704
,5337.310373476907,53.373103734769074
29-18,5128.720413179669,51.28720413179669
,5038.106924862628,50.38106924862628
,5008.911227305283,50.089112273052834
,4943.845911834612,49.43845911834612
,4810.666160132097,48.106661601320965
,4764.489473804232,47.644894738042325
,4690.183302011648,46.901833020116484
,4632.694949300449,46.326949493004484
,4394.898393340046,43.948983933400456
11-18,4114.539704729712,41.145397047297116
,4012.4906124925533,40.12490612492553
,3971.428063641688,39.71428063641688
,3959.1101722452668,39.59110172245267
,3918.1558691480773,39.181558691480774
,3911.634207336996,39.116342073369964
,3766.873166786887,37.66873166786887
,3689.0943099052683,36.890943099052684
,3676.1155217990954,36.761155217990954
,3623.950712463272,36.239507124632716
38-18,3598.1987221731288,35.98198722173129
35-18,3563.0209347478617,35.63020934747862
,3508.0868645142614,35.080868645142615
,3339.4219195102964,33.39421919510296
,3336.9262795504646,33.369262795504646
,3328.2932342603053,33.282932342603054
31-18,3311.0930299664806,33.11093029966481
,3305.031464468524,33.050314644685244
,3126.2607190883264,31.262607190883262
,3086.014893166893,30.86014893166893
,3038.326551299172,30.38326551299172
3-18,3025.0491057571408,30.25049105757141
,2994.4895944130117,29.944895944130117
,2915.525212241418,29.155252122414183
14-18,2878.6165732204718,28.78616573220472
27-18,2862.5996745728007,28.625996745728006
,2670.2292965938564,26.702292965938565
,2634.0815541162965,26.340815541162964
,2553.584296966117,25.53584296966117
,2455.716267095422,24.55716267095422
1-2018(Talakaveri Temple ),2402.793161463295,24.027931614632948
,2274.362224873807,22.74362224873807
,2159.716704805513,21.59716704805513
,2143.6421575178324,21.436421575178326
13-18,2115.5964786198683,21.155964786198684
,2037.0462426542415,20.370462426542414
9.1-18,2020.5443584508748,20.20544358450875
,1953.5664352981962,19.53566435298196
,1938.9875068761896,19.389875068761896
,1839.1107618637452,18.391107618637452
,1826.124599201024,18.26124599201024
4-18,1786.6798583567158,17.86679858356716
,1778.0625024519236,17.780625024519235
,1773.1982914978144,17.731982914978143
,1709.164677602516,17.091646776025158
,1642.4751527812125,16.424751527812123
,1615.749503187374,16.15749503187374
24-18,1604.906731935037,16.04906731935037
,1568.8118829759749,15.688118829759748
,1527.960134690153,15.27960134690153
,1490.0619038022724,14.900619038022723
32-18,1410.3936131377227,14.103936131377226
,1321.7363437633976,13.217363437633976
,1318.834935157849,13.18834935157849
30-18,1281.1319132694118,12.811319132694118
,1240.3870462299187,12.403870462299187
,1194.3538184749282,11.943538184749281
,1143.0498437563188,11.430498437563188
,1141.242821974946,11.412428219749462
12-18,1127.8365637710885,11.278365637710886
,753.7284855845296,7.5372848558452965
,705.158598417905,7.05158598417905
,662.0034226601273,6.620034226601273
,553.810375962616,5.538103759626161
36-18,470.83343522992277,4.708334352299228
,317.39593263829744,3.1739593263829744
,130.16602318504238,1.3016602318504238
,59.04221527718162,0.5904221527718162
